clip,r_val
ocean's 11,0.34226062073519703
dreary,0.04054479418886199
garden,0.18249504732555583
hotel,0.14192273827867047
inception,0.22214285714285714
brokovich,0.18733105877173675
star wars,0.21137684349548758
two men,0.18036869909751266
pockets,0.21646819282412502
home alone,0.1980266343825666
social net,0.37909200968523005
bridgeville,0.12082544574069998
flower,0.05135263042042704
